Plot,Code
p199,P0220
p198,P11--
p196,P18--
p189,P1702
p188,P25--
p187,P20--
p183,P0704
p178,P07--
p171,P2219
p168,P07--
p158,P2313
p152,P0915
p148,P17--
p143,P23--
p139,P1522
p138,P2222
p136,P1913
p135,P18--
p133,P2312
p132,P15--
p131,P17--
p130,P22--
p129,P17--
p126,P11--
p123,P22--
p122,P2422
p117,P07--
p108,P04--
p106,P02--
p024,P0713
p061,P1422
p399,P20--
p396,P2204
p397,P11--
p393,P1704
p387,P1005
p380,P2320
p379,P17--
p378,P09--
p376,P1524
p374,P2519
p370,P22--
p373,P22--
p369,P13--
p367,P23--
p359,P17--
p357,P10--
p356,P0701
p349,P1709
p347,P14--
p345,P14--
p341,P15--
p338,P02--
p337,P1926
p336,P0213
p335,P2220
p334,P09--
p333,P0726
p328,P07--
p326,P05--
p318,P18--
p311,P1421
p309,P0227
p300,P22--
p299,P1818
p296,P25--
p295,P2427
p290,P2310
p272,P04--
p271,P25--
p269,P1411
p268,P23--
p265,P1413
p264,P1506
p262,P1414
p258,P10--
p257,P1507
p256,P25--
p254,P0505
p246,P07--
p241,P1324
p239,P07--
p238,P05--
p236,P2305
p231,P05--
p230,P04--
p228,P11--
p220,P0211
p218,P15--
p216,P15--
p214,P1515
p211,P2225
p209,P14--
p207,P0911
p208,P1312
p206,P2201
p205,P02--
p204,P2324
p202,P23--
p201,P1122
p598,P1823
p597,P11--
p585,P07--
p578,P2311
p572,P2226
p570,P1520
p569,P23--
p564,P0513
p563,P2002
p561,P15--
p557,P0902
p549,P0518
p547,P1419
p544,P0922
p543,P04--
p540,P02--
p539,P0125
p535,P1528
p532,P09--
p528,P1401
p527,P02--
p520,P1403
p519,P04--
p517,P2303
p516,P2522
p515,P23--
p514,P05--
p512,P05--
p505,P05--
p504,P11--
p499,P23--
p498,P0425
p489,P2524
p488,P1409
p486,P15--
p480,P14--
p477,P0226
p475,P02--
p469,P10--
p464,P15--
p463,P2223
p461,P2126
p456,P1417
p451,P14--
p447,P10--
p446,P0527
p444,P07--
p443,P17--
p441,P11--
p440,P2307
p439,P0901
p436,P1013
p435,P25--
p433,P18--
p432,P2314
p430,P0202
p426,P25--
p422,P1718
p418,P04--
p416,P18--
p415,P22--
p414,P01--
p413,P14--
p409,P09--
p407,P1009
p406,P0720
p404,P1828
p403,P2319
p402,P07--
p401,P20--
p798,P10--
p796,P1518
p795,P07--
p794,P14--
p779,P04--
p770,P2323
p769,P23--
p760,P07--
p759,P1101
p752,P1410
p751,P0209
p750,P2420
p745,P1018
p741,P1501
p723,P10--
p720,P22--
p719,P1418
p714,P18--
p711,P04--
p694,P1505
p681,P10--
p680,P1017
p679,P1407
p678,P1303
p676,P1711
p675,P0909
p673,P1311
p671,P04--
p669,P23--
p667,P0204
p659,P14--
p655,P2011
p652,P15--
p646,P11--
p628,P1010
p627,P0216
p625,P22--
p620,P0719
p618,P2215
p609,P15--
p003,P1812
p004,P04--
p005,P2103
p006,P23--
p010,P2218
p011,P0517
p013,P01--
p014,P1720
p016,P14--
p017,P1012
p018,P0403
p020,P1424
p021,P2316
p023,P05--
p028,P2509
p029,P10--
p030,P14--
p032,P23--
p037,P10--
p039,P2425
p045,P25--
p048,P1907
p049,P18--
p051,P1510
p052,P05--
p056,P1723
p057,P02--
p061,P1422
p062,P09--
p065,P15--
p069,P2513
p070,P2426
p071,P13--
p072,P2318
p073,P2304
p074,P13--
p075,P0101
p077,P1003
p078,P02--
p079,P2517
p080,P2527
p081,P05--
p082,P04--
p085,P25--
p087,P1426
p091,P0525
p092,P2306
p093,P1708
p095,P0117
p097,P1328
p098,P15--
p100,P11--
p201,P1122
p202,P23--
p204,P2324
p205,P02--
p207,P0911
p208,P1312
p209,P14--
p211,P2225
p213,P01--
p214,P1515
p216,P15--
p217,P18--
p218,P15--
p219,P02--
p220,P0211
p222,P04--
p223,P2321
p224,P1415
p227,P2020
p228,P11--
p230,P04--
p231,P05--
p232,P0703
p233,P1928
p234,P1827
p236,P2305
p238,P05--
p239,P07--
p246,P07--
p256,P25--
p257,P1507
p258,P10--
p259,P1016
p261,P2309
p262,P1414
p265,P1413
p268,P23--
p271,P25--
p272,P04--
p280,P18--
p283,P09--
p286,P1019
p289,P0904
p290,P2310
p291,P2114
p292,P0722
p295,P2427
p296,P25--
p298,P2528
p299,P1818
p300,P22--
p301,P2012
p302,P0910
p305,P10--
p306,P1713
p307,P1918
p309,P0227
p311,P1421
p314,P19--
p315,P0906
p316,P20--
p317,P2023
p318,P18--
p320,P0408
p326,P05--
p328,P07--
p331,P2502
p333,P0726
p334,P09--
p335,P2220
p336,P0213
p337,P1926
p338,P02--
p339,P1514
p340,P1722
p341,P15--
p343,P11--
p344,P17--
p345,P14--
p346,P2503
p347,P14--
p349,P1709
p353,P13--
p354,P1521
p356,P0701
p357,P10--
p359,P17--
p360,P1706
p367,P23--
p369,P13--
p370,P22--
p373,P22--
p374,P2519
p376,P1524
p377,P20--
p378,P09--
p379,P17--
p380,P2320
p382,P2404
p385,P2118
p387,P1005
p390,P0516
p391,P2523
p393,P1704
p396,P2204
p397,P11--
p399,P20--
p402,P07--
p403,P2319
p404,P1828
p406,P0720
p409,P09--
p410,P2423
p413,P14--
p414,P01--
p415,P22--
p416,P18--
p417,P1809
p418,P04--
p419,P2414
p422,P1718
p424,P1805
p425,P1824
p426,P25--
p428,P18--
p430,P0202
p432,P2314
p433,P18--
p435,P25--
p436,P1013
p439,P0901
p440,P2307
p441,P11--
p443,P17--
p444,P07--
p445,P1117
p446,P0527
p447,P10--
p449,P1014
p450,P01--
p451,P14--
p454,P19--
p455,P0916
p456,P1417
p458,P0712
p459,P13--
p464,P15--
p467,P17--
p469,P10--
p470,P25--
p474,P1301
p475,P02--
p476,P1127
p477,P0226
p479,P2511
p480,P14--
p484,P10--
p485,P1721
p486,P15--
p488,P1409
p489,P2524
p490,P1725
p493,P2525
p498,P0425
p499,P23--
p512,P05--
p514,P05--
p515,P23--
p517,P2303
p519,P04--
p525,P0420
p527,P02--
p528,P1401
p532,P09--
p535,P1528
p538,P20--
p539,P0125
p540,P02--
p543,P04--
p544,P0922
p546,P09--
p547,P1419
p548,P2504
p549,P0518
p550,P0908
p553,P1712
p557,P0902
p558,P1104
p561,P15--
p569,P23--
p570,P1520
p574,P0502
p578,P2311
p579,P0728
p583,P2327
p584,P0717
p585,P07--
p586,P2217
p588,P2322
p589,P1817
p597,P11--
p598,P1823
p601,P2112
p607,P0212
p609,P15--
p613,P0725
p615,P2117
p617,P17--
p619,P2107
p620,P0719
p622,P0727
p625,P22--
p627,P0216
p628,P1010
p629,P05--
p631,P0927
p632,P02--
p633,P02--
p634,P23--
p636,P17--
p639,P09--
p640,P2209
p641,P20--
p644,P0203
p645,P1306
p646,P11--
p649,P2224
p652,P15--
p653,P11--
p654,P1408
p655,P2011
p656,P11--
p659,P14--
p660,P0503
p661,P2009
p665,P2521
p667,P0204
p669,P23--
p671,P04--
p673,P1311
p675,P0909
p676,P1711
p677,P0918
p678,P1303
p679,P1407
p680,P1017
p681,P10--
p682,P2016
p685,P2308
p686,P25--
p687,P09--
p690,P05--
p692,P0718
p693,P2018
p694,P1505
p696,P13--
p697,P1810
p700,P2410
p704,P0907
p711,P04--
p712,P1925
p714,P18--
p715,P0127
p717,P20--
p718,P0422
p719,P1418
p720,P22--
p723,P10--
p726,P18--
p729,P25--
p730,P2506
p731,P2403
p732,P02--
p733,P09--
p739,P25--
p741,P1501
p745,P1018
p747,P0716
p748,P2315
p749,P1919
p750,P2420
p751,P0209
p752,P1410
p753,P17--
p755,P0205
p757,P07--
p759,P1101
p760,P07--
p761,P0421
p765,P14--
p768,P1106
p769,P23--
p770,P2323
p771,P2301
p775,P1309
p779,P04--
p780,P0116
p783,P1025
p785,P1516
p788,P2120
p789,P18--
p791,P2516
p793,P05--
p794,P14--
p795,P07--
p797,P1905
p798,P10--
p799,P1802
p196,P18--
p195,P19--
p189,P1702
p188,P25--
p187,P20--
p185,P0528
p168,P07--
p157,P1511
p156,P2010
p149,P0913
p142,P2208
p140,P22--
p139,P1522
p138,P2222
p136,P1913
p135,P18--
p132,P15--
p131,P17--
p130,P22--
p127,P1517
p126,P11--
p123,P22--
p122,P2422
p117,P07--
p116,P1523
p106,P02--
p103,P0510
p095,P0117
p091,P0525
p087,P1426
p081,P05--
p080,P2527
p078,P02--
p077,P1003
p075,P0101
p074,P13--
p072,P2318
p071,P13--
p070,P2426
p069,P2513
p068,P1323
p065,P15--
p064,P20--
p062,P09--
p061,P1422
p058,P0702
p057,P02--
p056,P1723
p052,P05--
p051,P1510
p048,P1907
p045,P25--
p043,P2514
p032,P23--
p030,P14--
p029,P10--
p028,P2509
p023,P05--
p021,P2316
p018,P0403
p017,P1012
p015,P1011
p011,P0517
p010,P2218
p006,P23--
p005,P2103
p004,P04--
p003,P1812
p397,P11--
p396,P2204
p393,P1704
p391,P2523
p390,P0516
p388,P1327
p387,P1005
p385,P2118
p380,P2320
p378,P09--
p376,P1524
p373,P22--
p370,P22--
p367,P23--
p360,P1706
p359,P17--
p357,P10--
p356,P0701
p353,P13--
p351,P1927
p349,P1709
p347,P14--
p345,P14--
p344,P17--
p343,P11--
p341,P15--
p340,P1722
p338,P02--
p336,P0213
p334,P09--
p330,P0105
p326,P05--
p323,P0222
p320,P0408
p318,P18--
p316,P20--
p315,P0906
p314,P19--
p311,P1421
p309,P0227
p307,P1918
p305,P10--
p302,P0910
p301,P2012
p280,P18--
p272,P04--
p271,P25--
p269,P1411
p268,P23--
p265,P1413
p264,P1506
p262,P1414
p261,P2309
p259,P1016
p258,P10--
p257,P1507
p256,P25--
p249,P0409
p241,P1324
p239,P07--
p238,P05--
p236,P2305
p234,P1827
p232,P0703
p231,P05--
p230,P04--
p228,P11--
p227,P2020
p223,P2321
p222,P04--
p220,P0211
p218,P15--
p214,P1515
p208,P1312
p207,P0911
p205,P02--
p597,P11--
p586,P2217
p585,P07--
p583,P2327
p578,P2311
p574,P0502
p572,P2226
p570,P1520
p569,P23--
p568,P22--
p566,P2421
p563,P2002
p558,P1104
p553,P1712
p551,P1308
p548,P2504
p547,P1419
p546,P09--
p545,P0217
p544,P0922
p543,P04--
p541,P20--
p540,P02--
p539,P0125
p537,P17--
p535,P1528
p532,P09--
p528,P1401
p527,P02--
p525,P0420
p520,P1403
p519,P04--
p518,P2221
p517,P2303
p516,P2522
p515,P23--
p514,P05--
p512,P05--
p510,P1921
p508,P0208
p505,P05--
p504,P11--
p500,P0415
p498,P0425
p497,P1128
p496,P1710
p490,P1725
p489,P2524
p486,P15--
p485,P1721
p484,P10--
p483,P1814
p480,P14--
p479,P2511
p477,P0226
p476,P1127
p475,P02--
p474,P1301
p470,P25--
p469,P10--
p467,P17--
p464,P15--
p463,P2223
p461,P2126
p459,P13--
p458,P0712
p456,P1417
p455,P0916
p454,P19--
p450,P01--
p449,P1014
p448,P1508
p447,P10--
p446,P0527
p445,P1117
p444,P07--
p443,P17--
p441,P11--
p440,P2307
p436,P1013
p435,P25--
p433,P18--
p432,P2314
p430,P0202
p428,P18--
p427,P1909
p426,P25--
p425,P1824
p424,P1805
p422,P1718
p419,P2414
p418,P04--
p417,P1809
p416,P18--
p415,P22--
p414,P01--
p413,P14--
p412,P2402
p410,P2423
p409,P09--
p407,P1009
p406,P0720
p404,P1828
p403,P2319
p401,P20--
p799,P1802
p798,P10--
p797,P1905
p796,P1518
p795,P07--
p794,P14--
p793,P05--
p790,P0108
p789,P18--
p788,P2120
p785,P1516
p783,P1025
p782,P1804
p780,P0116
p779,P04--
p775,P1309
p774,P0416
p770,P2323
p769,P23--
p768,P1106
p766,P1126
p765,P14--
p761,P0421
p760,P07--
p759,P1101
p757,P07--
p756,P0424
p755,P0205
p753,P17--
p752,P1410
p751,P0209
p749,P1919
p745,P1018
p744,P2122
p739,P25--
p738,P0711
p736,P1904
p734,P13--
p733,P09--
p732,P02--
p731,P2403
p730,P2506
p729,P25--
p727,P2128
p726,P18--
p723,P10--
p720,P22--
p719,P1418
p718,P0422
p716,P19--
p715,P0127
p714,P18--
p712,P1925
p711,P04--
p710,P1826
p704,P0907
p706,P0521
p697,P1810
p696,P13--
p693,P2018
p692,P0718
p690,P05--
p687,P09--
p686,P25--
p682,P2016
p681,P10--
p680,P1017
p679,P1407
p678,P1303
p677,P0918
p676,P1711
p675,P0909
p673,P1311
p671,P04--
p667,P0204
p666,P0509
p665,P2521
p661,P2009
p657,P2328
p656,P11--
p653,P11--
p652,P15--
p649,P2224
p648,P2515
p647,P1502
p644,P0203
p640,P2209
p639,P09--
p636,P17--
p634,P23--
p633,P02--
p631,P0927
p630,P2015
p629,P05--
p628,P1010
p627,P0216
p625,P22--
p624,P1007
p620,P0719
p619,P2107
p618,P2215
p616,P2213
p615,P2117
p611,P13--
p609,P15--
p602,P2415
p003,P1812
p004,P04--
p005,P2103
p006,P23--
p008,P2019
p009,P0112
p010,P2218
p011,P0517
p013,P01--
p015,P1011
p016,P14--
p018,P0403
p020,P1424
p021,P2316
p024,P0713
p029,P10--
p030,P14--
p032,P23--
p034,P0714
p036,P2104
p037,P10--
p039,P2425
p040,P2413
p043,P2514
p045,P25--
p048,P1907
p049,P18--
p052,P05--
p056,P1723
p057,P02--
p058,P0702
p060,P2116
p061,P1422
p062,P09--
p063,P19--
p066,P1822
p067,P1326
p068,P1323
p070,P2426
p071,P13--
p072,P2318
p074,P13--
p075,P0101
p076,P1924
p077,P1003
p078,P02--
p079,P2517
p080,P2527
p081,P05--
p082,P04--
p085,P25--
p087,P1426
p088,P0123
p092,P2306
p093,P1708
p091,P0525
p095,P0117
p097,P1328
p098,P15--
p099,P1819
p100,P11--
p101,P2508
p103,P0510
p106,P02--
p107,P2021
p108,P04--
p112,P0221
p114,P1305
p116,P1523
p117,P07--
p118,P2025
p119,P0214
p121,P0912
p122,P2422
p123,P22--
p126,P11--
p129,P17--
p130,P22--
p131,P17--
p132,P15--
p133,P2312
p134,P0406
p135,P18--
p136,P1913
p138,P2222
p139,P1522
p140,P22--
p142,P2208
p143,P23--
p148,P17--
p149,P0913
p150,P1803
p152,P0915
p155,P1124
p156,P2010
p157,P1511
p158,P2313
p161,P0207
p163,P20--
p165,P09--
p166,P2228
p168,P07--
p169,P1402
p171,P2219
p172,P2207
p173,P10--
p174,P09--
p177,P0401
p178,P07--
p179,P2203
p183,P0704
p185,P0528
p188,P25--
p189,P1702
p192,P1321
p196,P18--
p198,P11--
p199,P0220
p201,P1122
p202,P23--
p203,P2202
p204,P2324
p205,P02--
p206,P2201
p207,P0911
p208,P1312
p209,P14--
p211,P2225
p213,P01--
p215,P2412
p217,P18--
p219,P02--
p220,P0211
p221,P0715
p222,P04--
p223,P2321
p225,P1107
p227,P2020
p228,P11--
p230,P04--
p231,P05--
p232,P0703
p233,P1928
p234,P1827
p235,P01--
p236,P2305
p238,P05--
p239,P07--
p241,P1324
p246,P07--
p249,P0409
p251,P0522
p254,P0505
p256,P25--
p258,P10--
p259,P1016
p261,P2309
p262,P1414
p264,P1506
p265,P1413
p267,P2210
p268,P23--
p269,P1411
p271,P25--
p272,P04--
p276,P2505
p277,P1715
p280,P18--
p283,P09--
p284,P1006
p286,P1019
p288,P2325
p289,P0904
p290,P2310
p291,P2114
p292,P0722
p294,P1002
p295,P2427
p296,P25--
p297,P1113
p298,P2528
p299,P1818
p300,P22--
p301,P2012
p302,P0910
p305,P10--
p306,P1713
p307,P1918
p309,P0227
p311,P1421
p314,P19--
p315,P0906
p317,P2023
p318,P18--
p320,P0408
p324,P2408
p326,P05--
p328,P07--
p330,P0105
p331,P2502
p333,P0726
p334,P09--
p335,P2220
p336,P0213
p337,P1926
p338,P02--
p339,P1514
p343,P11--
p344,P17--
p345,P14--
p346,P2503
p347,P14--
p349,P1709
p351,P1927
p352,P19--
p353,P13--
p354,P1521
p355,P2013
p356,P0701
p357,P10--
p358,P0724
p359,P17--
p360,P1706
p364,P0921
p365,P1513
p367,P23--
p369,P13--
p370,P22--
p373,P22--
p374,P2519
p376,P1524
p377,P20--
p378,P09--
p380,P2320
p387,P1005
p390,P0516
p391,P2523
p393,P1704
p396,P2204
p397,P11--
p399,P20--
p402,P07--
p403,P2319
p404,P1828
p406,P0720
p409,P09--
p410,P2423
p413,P14--
p414,P01--
p415,P22--
p416,P18--
p418,P04--
p419,P2414
p422,P1718
p424,P1805
p425,P1824
p426,P25--
p428,P18--
p430,P0202
p432,P2314
p433,P18--
p434,P0710
p435,P25--
p436,P1013
p439,P0901
p441,P11--
p443,P17--
p444,P07--
p445,P1117
p446,P0527
p447,P10--
p450,P01--
p451,P14--
p453,P0507
p454,P19--
p455,P0916
p456,P1417
p458,P0712
p459,P13--
p460,P2212
p461,P2126
p462,P1319
p463,P2223
p464,P15--
p467,P17--
p468,P01--
p469,P10--
p470,P25--
p472,P0917
p474,P1301
p475,P02--
p476,P1127
p477,P0226
p479,P2511
p480,P14--
p481,P0721
p483,P1814
p484,P10--
p485,P1721
p486,P15--
p487,P2124
p489,P2524
p490,P1725
p491,P19--
p493,P2525
p496,P1710
p497,P1128
p498,P0425
p499,P23--
p500,P0415
p504,P11--
p505,P05--
p506,P2401
p507,P2022
p508,P0208
p509,P1504
p510,P1921
p512,P05--
p514,P05--
p515,P23--
p516,P2522
p517,P2303
p518,P2221
p519,P04--
p520,P1403
p521,P13--
p525,P0420
p527,P02--
p528,P1401
p529,P1519
p530,P1427
p531,P0104
p532,P09--
p535,P1528
p537,P17--
p539,P0125
p540,P02--
p543,P04--
p545,P0217
p546,P09--
p547,P1419
p548,P2504
p549,P0518
p550,P0908
p551,P1308
p553,P1712
p555,P2127
p557,P0902
p558,P1104
p561,P15--
p563,P2002
p566,P2421
p568,P22--
p569,P23--
p570,P1520
p572,P2226
p574,P0502
p578,P2311
p579,P0728
p583,P2327
p585,P07--
p588,P2322
p589,P1817
p598,P1823
p601,P2112
p602,P2415
p604,P0102
p605,P15--
p607,P0212
p609,P15--
p611,P13--
p615,P2117
p616,P2213
p617,P17--
p618,P2215
p619,P2107
p620,P0719
p621,P0113
p624,P1007
p625,P22--
p627,P0216
p628,P1010
p629,P05--
p630,P2015
p632,P02--
p633,P02--
p634,P23--
p636,P17--
p637,P0512
p639,P09--
p640,P2209
p642,P2526
p646,P11--
p647,P1502
p648,P2515
p649,P2224
p650,P19--
p653,P11--
p654,P1408
p655,P2011
p657,P2328
p659,P14--
p661,P2009
p665,P2521
p666,P0509
p667,P0204
p669,P23--
p671,P04--
p673,P1311
p674,P1008
p675,P0909
p676,P1711
p677,P0918
p678,P1303
p679,P1407
p680,P1017
p681,P10--
p685,P2308
p686,P25--
p687,P09--
p690,P05--
p691,P1728
p692,P0718
p693,P2018
p696,P13--
p697,P1810
p698,P01--
p700,P2410
p704,P0907
p706,P0521
p708,P1811
p710,P1826
p711,P04--
p712,P1925
p714,P18--
p715,P0127
p716,P19--
p717,P20--
p718,P0422
p719,P1418
p720,P22--
p722,P2007
p723,P10--
p726,P18--
p727,P2128
p729,P25--
p730,P2506
p731,P2403
p733,P09--
p735,P1026
p736,P1904
p738,P0711
p739,P25--
p744,P2122
p745,P1018
p747,P0716
p749,P1919
p750,P2420
p751,P0209
p752,P1410
p753,P17--
p755,P0205
p756,P0424
p757,P07--
p759,P1101
p760,P07--
p761,P0421
p763,P1920
p765,P14--
p766,P1126
p768,P1106
p769,P23--
p770,P2323
p771,P2301
p774,P0416
p775,P1309
p778,P2512
p779,P04--
p780,P0116
p782,P1804
p783,P1025
p785,P1516
p788,P2120
p789,P18--
p790,P0108
p791,P2516
p792,P1420
p793,P05--
p794,P14--
p795,P07--
p796,P1518
p797,P1905
p798,P10--
p799,P1802
