Code,Image_Name
B2p0391T1,20210719_KPGR_GHSpring2021__0001.tif
B2p0615T1,20210719_JONPGR_GHSpring2021__0001.tif
B2p0655T1,20210719_KPGR_GHSpring2021__0002.tif
B2p0647T1,20210719_JONPGR_GHSpring2021__0002.tif
B2p0445T1,20210719_JONPGR_GHSpring2021__0003.tif
B2p0699T1,20210719_KPGR_GHSpring2021__0003.tif
B2p0517T1,20210719_JONPGR_GHSpring2021__0004.tif
B2p0633T2,20210719_KPGR_GHSpring2021__0004.tif
B2p0689T2,20210719_JONPGR_GHSpring2021__0005.tif
B2p0701T2,20210719_KPGR_GHSpring2021__0005.tif
B2p0423T2,20210719_JONPGR_GHSpring2021__0006.tif
B2p0533T2,20210719_JONPGR_GHSpring2021__0007.tif
B2p0613T2,20210719_KPGR_GHSpring2021__0006.tif
B2p0581T2,20210719_JONPGR_GHSpring2021__0008.tif
B2p0421T3,20210719_KPGR_GHSpring2021__0007.tif
B2p0599T3,20210719_JONPGR_GHSpring2021__0009.tif
B2p0703T3,20210719_KPGR_GHSpring2021__0008.tif
B2p0371T3,20210719_KPGR_GHSpring2021__0009.tif
B2p0683T3,20210719_KPGR_GHSpring2021__0010.tif
B2p0685T3,20210719_KPGR_GHSpring2021__0011.tif
B2p0363T4,20210719_KPGR_GHSpring2021__0012.tif
B2p0489T3,20210719_JONPGR_GHSpring2021__0010.tif
B2p0649T4,20210719_JONPGR_GHSpring2021__0011.tif
B2p0597T4,20210720_PC2_PGRSpring2021__0001.tif
B2p0569T4,20210720_PC2_PGRSpring2021__0002.tif
B2p0509T4,20210720_PC2_PGRSpring2021__0003.tif
B2p0719T5,20210720_PC2_PGRSpring2021__0004.tif
B2p0677T5,20210720_PC2_PGRSpring2021__0005.tif
B2p0393T6,20210720_PC2_PGRSpring2021__0006.tif
B2p0565T6,20210720_PC2_PGRSpring2021__0007.tif
B2p0457T6,20210720_KPGR_GHSpring2021__0001.tif
B2p0621T6,20210720_PC2_PGRSpring2021__0008.tif
B2p0687T6,20210720_PC2_PGRSpring2021__0009.tif
B2p0601T7,20210720_KPGR_GHSpring2021__0002.tif
B2p0669T7,20210720_PC2_PGRSpring2021__0010.tif
B2p0705T9,20210720_KPGR_GHSpring2021__0003.tif
B2p0523T9,20210720_PC2_PGRSpring2021__0011.tif
B2p0595T9,20210720_KPGR_GHSpring2021__0004.tif
B2p0713T9,20210720_KPGR_GHSpring2021__0005.tif
B2p0401T9,20210720_PC2_PGRSpring2021__0012.tif
B2p0717T9,20210720_PC2_PGRSpring2021__0013.tif
B2p0553T9,20210720_KPGR_GHSpring2021__0006.tif
B2p0407T9,20210720_PC2_PGRSpring2021__0014.tif
B2p0519T9,20210720_KPGR_GHSpring2021__0007.tif
B3p1031T4,20210720_PC2_PGRSpring2021__0015.tif
B3p0743T4,20210720_PC2_PGRSpring2021__0016.tif
B3p0771T4,20210720_KPGR_GHSpring2021__0008.tif
B3p1033T4,20210720_PC2_PGRSpring2021__0017.tif
B3p1025T4,20210720_PC2_PGRSpring2021__0018.tif
B3p0961T4,20210720_KPGR_GHSpring2021__0009.tif
B3p0871T4,20210720_PC2_PGRSpring2021__0019.tif
B3p0819T4,20210720_KPGR_GHSpring2021__0010.tif
B3p0949T4,20210720_PC2_PGRSpring2021__0020.tif
B3p1043T1,20210720_PC2_PGRSpring2021__0021.tif
B3p0787T1,20210720_PC2_PGRSpring2021__0022.tif
B3p1019T2,20210720_KPGR_GHSpring2021__0011.tif
B3p0773T2,20210720_PC2_PGRSpring2021__0023.tif
B3p0903T2,20210720_KPGR_GHSpring2021__0012.tif
B3p0993T2,20210720_PC2_PGRSpring2021__0024.tif
B3p0781T2,20210720_KPGR_GHSpring2021__0013.tif
B3p0915T8,20210720_PC2_PGRSpring2021__0025.tif
B3p0855T8,20210720_PC2_PGRSpring2021__0026.tif
B3p0805T8,20210720_KPGR_GHSpring2021__0014.tif
B3p1001T8,20210720_PC2_PGRSpring2021__0027.tif
B3p0985T8,20210720_PC2_PGRSpring2021__0028.tif
B3p0741T8,20210720_KPGR_GHSpring2021__0015.tif
B3p1035T8,20210720_PC2_PGRSpring2021__0029.tif
B3p0981T8,.tif
B3p0795T8,20210720_KPGR_GHSpring2021__0016.tif
B3p0879T8,20210720_KPGR_GHSpring2021__0017.tif
B3p1027T8,20210720_PC2_PGRSpring2021__0030.tif
B2p0629T8,20210720_PC2_PGRSpring2021__0031.tif
B2p0645T8,20210720_KPGR_GHSpring2021__0018.tif
B3p0729T8,20210720_KPGR_GHSpring2021__0019.tif
B2p0435T8,20210720_PC2_PGRSpring2021__0032.tif
B3p0941T6,20210720_KPGR_GHSpring2021__0020.tif
B3p0767T6,20210720_PC2_PGRSpring2021__0033.tif
B3p0951T6,20210720_KPGR_GHSpring2021__0021.tif
B3p0755T6,20210720_PC2_PGRSpring2021__0034.tif
B3p0759T6,20210720_PC2_PGRSpring2021__0035.tif
B3p0833T6,20210720_PC2_PGRSpring2021__0036.tif
B3p0863T7,20210720_PC2_PGRSpring2021__0037.tif
B3p1057T7,20210720_PC2_PGRSpring2021__0038.tif
B2p0441T7,20210720_PC2_PGRSpring2021__0039.tif
B3p0995T7,20210720_PC2_PGRSpring2021__0040.tif
B2p0715T7,20210720_KPGR_GHSpring2021__0022.tif
B2p0449T7,20210720_PC2_PGRSpring2021__0041.tif
B2p0555T7,20210720_KPGR_GHSpring2021__0023.tif
B2p0673T7,20210720_PC2_PGRSpring2021__0042.tif
B3p0757T7,20210720_KPGR_GHSpring2021__0024.tif
B3p1005T7,20210720_PC2_PGRSpring2021__0043.tif
B3p1077T7,20210720_KPGR_GHSpring2021__0025.tif
B3p0823T7,20210720_PC2_PGRSpring2021__0044.tif
B3p0935T7,20210720_PC2_PGRSpring2021__0045.tif
B3p0737T7,20210720_KPGR_GHSpring2021__0026.tif
B3p0775T7,20210720_PC2_PGRSpring2021__0046.tif
B3p0927T7,20210720_KPGR_GHSpring2021__0027.tif
B3p0947T9,20210720_PC2_PGRSpring2021__0047.tif
B3p0769T9,20210720_PC2_PGRSpring2021__0048.tif
B3p0991T9,20210720_KPGR_GHSpring2021__0028.tif
B3p0753T9,20210720_PC2_PGRSpring2021__0049.tif
B3p0751T3,20210720_PC2_PGRSpring2021__0050.tif
B3p1049T3,20210720_KPGR_GHSpring2021__0029.tif
B3p0817T3,20210720_PC2_PGRSpring2021__0051.tif
B3p0933T3,20210720_KPGR_GHSpring2021__0030.tif
B3p0725T3,20210720_PC2_PGRSpring2021__0052.tif
B3p1013T3,20210720_KPGR_GHSpring2021__0031.tif
B3p0727T3,20210720_PC2_PGRSpring2021__0053.tif
B3p1011T3,20210720_KPGR_GHSpring2021__0032.tif
B3p0893T9,20210720_PC2_PGRSpring2021__0054.tif
B3p0955T9,20210720_KPGR_GHSpring2021__0033.tif
B3p1063T9,20210720_PC2_PGRSpring2021__0055.tif
B3p1073T6,20210720_PC2_PGRSpring2021__0056.tif
B3p1065T6,20210720_KPGR_GHSpring2021__0034.tif
B3p0883T6,20210720_PC2_PGRSpring2021__0057.tif
B3p1047T6,20210720_PC2_PGRSpring2021__0058.tif
B2p0675T4,20210721_PC2_PGRSpring2021__0001.tif
B3p0921T3,20210721_JBOPGR_GHSpring2021__0001.tif
B3p0853T3,20210721_PC2_PGRSpring2021__0002.tif
B3p0987T2,20210721_JBOPGR_GHSpring2021__0002.tif
B3p0997T2,20210721_PC2_PGRSpring2021__0003.tif
B3p1055T2,20210721_JBOPGR_GHSpring2021__0003.tif
B3p0799T1,20210721_PC2_PGRSpring2021__0004.tif
B2p0643T1,20210721_JBOPGR_GHSpring2021__0004.tif
B3p1009T1,20210721_PC2_PGRSpring2021__0005.tif
B3p0925T1,20210721_JBOPGR_GHSpring2021__0005.tif
B3p1079T1,20210721_PC2_PGRSpring2021__0006.tif
B3p1075T1,20210721_JBOPGR_GHSpring2021__0006.tif
